{
  "project_info": {
    "project_number": "786620101542",
    "firebase_url": "https://appfirebase-e67fd.firebaseio.com/",
    "project_id": "appfirebase-e67fd",
    "storage_bucket": "appfirebase-e67fd.appspot.com"
  },
  "client": [
    {
      "client_info": {
        "mobilesdk_app_id": "1:786620101542:android:f2f81ad7fa92099f",
        "android_client_info": {
          "package_name": "com.example.teste4"
        }
      },
      "oauth_client": [
        {
          "client_id": "786620101542-ep1m8sjlf5n9tnfrik1f0rk4j22tgd30.apps.googleusercontent.com",
          "client_type": 3
        }
      ],
      "api_key": [
        {
          "current_key": "AIzaSyDbKVqh_BwM3dA3NT7W62o78SnI_h6bb_4"
        }
      ],
      "services": {
        "appinvite_service": {
          "other_platform_oauth_client": [
            {
              "client_id": "786620101542-ep1m8sjlf5n9tnfrik1f0rk4j22tgd30.apps.googleusercontent.com",
              "client_type": 3
            }
          ]
        }
      }
    }
  ],
  "configuration_version": "1"
}